id,section,section_title,track,page,japanese,english,note
S001,01,朝の情景,Track 01,22,起きて。学校に遅れるわ。,Get up. You're gonna be late for school.,
S002,01,朝の情景,Track 01,22,もう起きたよ。,I'm up now.,
S003,01,朝の情景,Track 01,22,寝過ごしちゃった。,I've overslept.,
S004,01,朝の情景,Track 01,22,7時に目覚ましをセットしたんだ。,I set the alarm for seven o'clock.,
S005,01,朝の情景,Track 01,22,目覚ましが鳴ったのが聞こえなかったよ。,I couldn't hear my alarm clock going off.,
S006,01,朝の情景,Track 01,22,もう8時？　なんで起こしてくれなかったの？,Is it eight already? Why didn't you wake me up?,
S007,01,朝の情景,Track 01,22,よく眠れた？,Did you sleep well?,
S008,01,朝の情景,Track 01,23,まだ半分寝てる。,I feel only half awake.,
S009,01,朝の情景,Track 01,23,首を寝違えたな。,I woke up with a crick in my neck.,
S010,01,朝の情景,Track 01,23,新聞を取ってきてくれないか？,Can you go and get the newspaper?,
S011,01,朝の情景,Track 01,23,私の老眼鏡を見なかった？,Did you see my reading glasses?,
S012,01,朝の情景,Track 01,23,朝食にはバタートースト1枚とコーヒーを1杯いただきたいね。,I would like a slice of buttered toast and a cup of coffee for breakfast.,
S013,01,朝の情景,Track 01,23,コーヒーができてるはずよ。,Coffee should be ready.,
S014,01,朝の情景,Track 01,23,冷蔵庫からミルクを出してちょうだい。,Get the milk from the fridge.,
S015,01,朝の情景,Track 01,23,腐ってる。,It's gone bad.,
S016,01,朝の情景,Track 01,23,ヨーグルトは体にいいのよ。,Yogurt is good for you.,
S017,01,朝の情景,Track 01,23,トーストが焦げてる。,The toast is burned.,
S018,01,朝の情景,Track 01,24,食事中は携帯を置きなさい。,Put the cell phone down while you're eating.,
S019,01,朝の情景,Track 01,24,あなた、息が臭うわ。,You have bad breath.,
S020,01,朝の情景,Track 01,24,二日酔いは嫌だね。,I hate the morning after.,
S021,02,外出前,Track 02,24,着替えなくちゃ。,I have to get dressed.,
S022,02,外出前,Track 02,24,何を着るのか決まらない。,I can't figure out what to wear.,
S023,02,外出前,Track 02,24,ひげを剃る時間がない。,I don't have time to shave.,
S024,02,外出前,Track 02,24,忘れ物ない？,Got everything?,
S025,02,外出前,Track 02,24,私、どこか変じゃない？,Do I look OK?,
S026,02,外出前,Track 02,25,犬に餌をやった？,Did you feed the dog?,
S027,02,外出前,Track 02,25,お弁当を鞄に入れておくわね。,I'll put your lunch in your bag.,
S028,02,外出前,Track 02,25,留守電つけたよ。,I've set the answering machine.,
S029,02,外出前,Track 02,25,あなた、今日の夕飯は家で食べるの？,Will you be eating at home tonight?,
S030,02,外出前,Track 02,25,帰りは遅くならないようにね。,Don't be home late.,
S031,02,外出前,Track 02,25,台所のガスをもう一度見て。,Double-check the gas in the kitchen.,
S032,02,外出前,Track 02,25,パソコンを消そうか？,Shall I turn off the computer?,
S033,02,外出前,Track 02,25,電気つけっぱなしだよ。,You left the light on.,
S034,02,外出前,Track 02,25,電気ストーブはコンセントを抜いたほうがいいな。,I'd better pull out the plug for the electric heater.,
S035,02,外出前,Track 02,25,電気を節約するいい方法なんだ。,It's a good way to save electricity.,
S036,02,外出前,Track 02,26,鍵はすべて閉めたかしら？,Did I lock up everything?,
S037,02,外出前,Track 02,26,ホームセキュリティシステムがセットしてあるか見て。,See if the home security system is on.,
S038,02,外出前,Track 02,26,もう行くよ。電車に遅れたら嫌だから。,I'm going now. I don't want to miss my train.,
S039,03,通勤／通学電車,Track 03,26,走れば間に合うかも。,"Maybe I can make it, if I run.",
S040,03,通勤／通学電車,Track 03,26,定期券を更新しなきゃ。,I have to renew my commuter pass.,
S041,03,通勤／通学電車,Track 03,26,君はどうやって通勤してるの？,How do you commute?,
S042,03,通勤／通学電車,Track 03,26,僕はJRを使ってる。,I use the JR line.,下線部「JR line」は「subway（地下鉄）」に置き換え可
S043,03,通勤／通学電車,Track 03,27,ホームを間違えてる。,I'm on the wrong platform.,
S044,03,通勤／通学電車,Track 03,27,憂鬱な月曜日だ。,It's a gloomy Monday.,
S045,03,通勤／通学電車,Track 03,27,満員電車に乗るのは大嫌い。,I hate to travel in a jam-packed train.,
S046,03,通勤／通学電車,Track 03,27,いつも好きな音楽を聞いてやり過ごすの。,I always listen to my favorite music and get away with it.,
S047,03,通勤／通学電車,Track 03,27,ラッシュアワーは混雑してる。,It's crowded during rush hour.,
S048,03,通勤／通学電車,Track 03,27,あの人たちを見てよ。まったく生気がない。,Look at them. They look so lifeless.,
S049,03,通勤／通学電車,Track 03,27,誰かの強い香水で気持ち悪くなった。,Someone's strong perfume made me sick.,
S050,03,通勤／通学電車,Track 03,27,優先席は健康な若者が占拠してる。,The priority seats are occupied by healthy young people.,
S051,03,通勤／通学電車,Track 03,27,妊婦さんに席を譲ったよ。,I gave my seat to a pregnant woman.,
S052,03,通勤／通学電車,Track 03,27,押さないで。息ができない。,Don't push me. I can't breathe.,
S053,03,通勤／通学電車,Track 03,28,誰かの足を踏んじゃった。,I've stepped on someone's foot.,
S054,03,通勤／通学電車,Track 03,28,乗り過ごした！,I've missed my stop!,
S055,03,通勤／通学電車,Track 03,28,降ります。通してください。,I'm getting off. Please let me through.,
S056,03,通勤／通学電車,Track 03,28,おばあさんに道をあけてあげて。,Make way for the elderly woman.,
S057,03,通勤／通学電車,Track 03,28,私に触っていますよ。,You're touching me.,
S058,03,通勤／通学電車,Track 03,28,やめないと叫びます。,Stop or I'll scream.,
S059,03,通勤／通学電車,Track 03,28,電車内で痴漢をつかまえた。,I caught a train groper on the train.,
S060,03,通勤／通学電車,Track 03,28,露出狂に遭遇したわ。,I ran into a flasher.,
S061,03,通勤／通学電車,Track 03,28,女の子はお化粧に夢中。,A girl is absorbed in putting on makeup.,
S062,03,通勤／通学電車,Track 03,28,電車が大きく揺れるか、急停車すればいいのに。,I hope the train will swing wildly or stop with a jolt.,
S063,03,通勤／通学電車,Track 03,29,女の人に険しい目でにらまれた。,A woman shot me a stern look.,
S064,03,通勤／通学電車,Track 03,29,これは女性専用車両です。,This car is for women only.,
S065,04,オフィスの朝,Track 04,29,おはよう。週末はどうだった？,Good morning. How was your weekend?,
S066,04,オフィスの朝,Track 04,29,あいつ、今朝はやたらご機嫌だな。,He is a happy guy this morning.,
S067,04,オフィスの朝,Track 04,29,僕のタイムカード押してくれる？,Can you punch my time card for me?,
S068,04,オフィスの朝,Track 04,29,8時50分に朝礼があります。,We have a morning meeting at ten to nine.,
S069,04,オフィスの朝,Track 04,29,9時のお客様が既に来ていますよ。,Your nine o'clock is already here.,
S070,04,オフィスの朝,Track 04,29,また遅刻よ。,You're late again.,
S071,04,オフィスの朝,Track 04,30,事故のせいで電車がひどく遅れてね。,The train was terribly delayed because of an accident.,
S072,04,オフィスの朝,Track 04,30,これ、あなたのコーヒー。ここへ置いておくわね。,I got you a coffee. I'll put it right here.,
S073,04,オフィスの朝,Track 04,30,いつも朝一番でメールをチェックする。,I usually check my email first thing in the morning.,
S074,04,オフィスの朝,Track 04,30,昨日の夜あなたが帰ってから、コーンウェル氏から電話がありました。,Mr. Cornwell called you after you'd left last night.,
S075,04,オフィスの朝,Track 04,30,僕に何か郵便物が来てたかな？,Did I get any mail?,
S076,04,オフィスの朝,Track 04,30,この書類を私の机に置いたのは誰？,Who left this paper on my desk?,
S077,04,オフィスの朝,Track 04,30,3時のABC商事との打ち合わせ、先方の事務所でやるんだけど一緒に来られる？,Can you come with me to the meeting with ABC Trading in their office at three?,
